{"cameraMode":{"drawMode":0,"name":"Shaded","section":"Shading Mode"},"sceneLighting":true,"audioPlay":false,"sceneViewState":{"m_AlwaysRefresh":false,"showFog":true,"showSkybox":true,"showFlares":true,"showImageEffects":true,"showParticleSystems":true,"showVisualEffectGraphs":true,"m_FxEnabled":true},"in2DMode":false,"pivot":{"x":-8.200124740600586,"y":19.693599700927736,"z":75.41000366210938},"rotation":{"x":0.13049623370170594,"y":0.48784109950065615,"z":-0.07402772456407547,"w":0.8599558472633362},"size":19.582170486450197,"orthographic":false}