{"cameraMode":{"drawMode":0,"name":"Shaded","section":"Shading Mode"},"sceneLighting":true,"audioPlay":false,"sceneViewState":{"m_AlwaysRefresh":false,"showFog":true,"showSkybox":true,"showFlares":true,"showImageEffects":true,"showParticleSystems":true,"showVisualEffectGraphs":true,"m_FxEnabled":true},"in2DMode":false,"pivot":{"x":112.95559692382813,"y":-9.359931945800782,"z":195.5101776123047},"rotation":{"x":-0.13649027049541474,"y":-0.21860367059707642,"z":0.030885668471455575,"w":-0.9657428860664368},"size":36.17935562133789,"orthographic":false}