{"cameraMode":{"drawMode":0,"name":"Shaded","section":"Shading Mode"},"sceneLighting":true,"audioPlay":false,"sceneViewState":{"m_AlwaysRefresh":false,"showFog":true,"showSkybox":true,"showFlares":true,"showImageEffects":true,"showParticleSystems":true,"showVisualEffectGraphs":true,"m_FxEnabled":true},"in2DMode":false,"pivot":{"x":118.40322875976563,"y":-9.098031044006348,"z":211.18682861328126},"rotation":{"x":0.1241627112030983,"y":0.5596726536750794,"z":-0.08527456969022751,"w":0.8149207234382629},"size":29.097003936767579,"orthographic":false}