{"cameraMode":{"drawMode":0,"name":"Shaded","section":"Shading Mode"},"sceneLighting":true,"audioPlay":false,"sceneViewState":{"m_AlwaysRefresh":false,"showFog":true,"showSkybox":true,"showFlares":true,"showImageEffects":true,"showParticleSystems":true,"showVisualEffectGraphs":true,"m_FxEnabled":true},"in2DMode":false,"pivot":{"x":29.50975227355957,"y":9.2434720993042,"z":34.78998565673828},"rotation":{"x":0.0015815814258530737,"y":0.7522023916244507,"z":-0.0018051853403449059,"w":0.6589316129684448},"size":9.317899703979493,"orthographic":false}