{"cameraMode":{"drawMode":0,"name":"Shaded","section":"Shading Mode"},"sceneLighting":true,"audioPlay":false,"sceneViewState":{"m_AlwaysRefresh":false,"showFog":true,"showSkybox":true,"showFlares":true,"showImageEffects":true,"showParticleSystems":true,"showVisualEffectGraphs":true,"m_FxEnabled":true},"in2DMode":false,"pivot":{"x":-10.816254615783692,"y":1.580923318862915,"z":183.94656372070313},"rotation":{"x":-0.10076408833265305,"y":-0.14335860311985017,"z":0.014667924493551255,"w":-0.984451174736023},"size":2.4760701656341554,"orthographic":false}