{"cameraMode":{"drawMode":0,"name":"Shaded","section":"Shading Mode"},"sceneLighting":true,"audioPlay":false,"sceneViewState":{"m_AlwaysRefresh":false,"showFog":true,"showSkybox":true,"showFlares":true,"showImageEffects":true,"showParticleSystems":true,"showVisualEffectGraphs":true,"m_FxEnabled":true},"in2DMode":false,"pivot":{"x":44.872825622558597,"y":1.6983613967895508,"z":109.477294921875},"rotation":{"x":0.13588781654834748,"y":0.37825119495391848,"z":-0.056238532066345218,"w":0.9139516353607178},"size":3.7115302085876467,"orthographic":false}